State name,District name,Population 2011,Population 2001,% Change in population,
ANDHRA PRADESH,Adilabad,2741239,2488003,10.18, 
UTTAR PRADESH,Agra,4418797,3620436,22.05,
GUJARAT,Ahmadabad,7214225,5816519,24.03,
MAHARASHTRA,Ahmadnagar,4543159,4040642,12.44,
MIZORAM,Aizawl,400309,325676,22.92,
RAJASTHAN,Ajmer,2583052,2181670,18.40,
MAHARASHTRA,Akola,1813906,1630239,11.27,
KERALA,Alappuzha,2127789,2109160,0.88,
UTTAR PRADESH,Aligarh,3673889,2992286,22.78,
MADHYA PRADESH,Alirajpur,728999,2992286,-75.64,
UTTAR PRADESH,Allahabad,5954391,4936105,20.63,
UTTARAKHAND,Almora,622506,630567,-1.28,
RAJASTHAN,Alwar,3674179,2992592,22.78,
HARYANA,Ambala,1128350,1014411,11.23,
UTTAR PRADESH,Ambedkar Nagar,2397888,1014411,136.38,
MAHARASHTRA,Amravati,2888445,2607160,10.79,
GUJARAT,Amreli,1514190,1393918,8.63,
PUNJAB,Amritsar,2490656,3096077,-19.55,
GUJARAT,Anand,2092745,1856872,12.70,
ANDHRA PRADESH,Anantapur,4081148,3640478,12.10,
JAMMU AND KASHMIR,Anantnag,1078692,1172434,-8.00,
ARUNACHAL PRADESH,Anjaw,21167,314084,-93.26,
ORISSA,Anugul,1273821,314084,305.57,
MADHYA PRADESH,Anuppur,749237,314084,138.55,
BIHAR,Araria,2811569,2158608,30.25,
TAMIL NADU,Ariyalur,754894,695524,8.54,
BIHAR,Arwal,700843,695524,0.76,
MADHYA PRADESH,Ashoknagar,845071,695524,21.50,
UTTAR PRADESH,Auraiya,1379545,1179993,16.91,
BIHAR,Aurangabad,2540073,2897013,-12.32,
MAHARASHTRA,Aurangabad,3701282,2897013,27.76,
UTTAR PRADESH,Azamgarh,4613913,3939916,17.11,
JAMMU AND KASHMIR,Badgam,753745,629309,19.77,
KARNATAKA,Bagalkot,1889752,1651892,14.40,
UTTARAKHAND,Bageshwar,259898,249462,4.18,
UTTAR PRADESH,Baghpat,1303048,1163991,11.95,
UTTAR PRADESH,Bahraich,3487731,2381072,46.48,
ASSAM,Baksa,950075,2381072,-60.10,
MADHYA PRADESH,Balaghat,1701698,1497968,13.60,
ORISSA,Balangir,1648997,1337194,23.32,
ORISSA,Baleshwar,2320529,2024508,14.62,
UTTAR PRADESH,Ballia,3239774,2761620,17.31,
UTTAR PRADESH,Balrampur,2148665,1682350,27.72,
GUJARAT,Banas Kantha,3120506,1682350,85.48,
UTTAR PRADESH,Banda,1799410,1537334,17.05,
JAMMU AND KASHMIR,Bandipore,392232,1537334,-74.49,
KARNATAKA,Bangalore,9621551,6537124,47.18,
KARNATAKA,Bangalore Rural,990923,6537124,-84.84,
BIHAR,Banka,2034763,1608773,26.48,
WEST BENGAL,Bankura,3596674,3192695,12.65,
RAJASTHAN,Banswara,1797485,1501589,19.71,
UTTAR PRADESH,Bara Banki,3260699,1501589,117.15,
JAMMU AND KASHMIR,Baramula,1008039,1169780,-13.83,
RAJASTHAN,Baran,1222755,1021653,19.68,
WEST BENGAL,Barddhaman,7717563,6895514,11.92,
UTTAR PRADESH,Bareilly,4448359,3618589,22.93,
ORISSA,Bargarh,1481255,1346336,10.02,
RAJASTHAN,Barmer,2603751,1964835,32.52,
PUNJAB,Barnala,595527,1964835,-69.69,
ASSAM,Barpeta,1693622,1647201,2.82,
MADHYA PRADESH,Barwani,1385881,1081441,28.15,
CHHATTISGARH,Bastar,1413199,1306673,8.15,
UTTAR PRADESH,Basti,2464464,2084814,18.21,
PUNJAB,Bathinda,1388525,1183295,17.34,
ORISSA,Baudh,441162,373372,18.16,
BIHAR,Begusarai,2970541,2349366,26.44,
KARNATAKA,Belgaum,4779661,4214505,13.41,
KARNATAKA,Bellary,2452595,2027140,20.99,
MADHYA PRADESH,Betul,1575362,1395175,12.92,
ORISSA,Bhadrak,1506337,1333749,12.94,
BIHAR,Bhagalpur,3037766,2423172,25.36,
MAHARASHTRA,Bhandara,1200334,1136146,5.65,
RAJASTHAN,Bharatpur,2548462,2101142,21.29,
GUJARAT,Bharuch,1551019,1370656,13.16,
GUJARAT,Bhavnagar,2880365,2469630,16.63,
RAJASTHAN,Bhilwara,2408523,2013789,19.60,
MADHYA PRADESH,Bhind,1703005,1428559,19.21,
HARYANA,Bhiwani,1634445,1425022,14.70,
BIHAR,Bhojpur,2728407,2243144,21.63,
MADHYA PRADESH,Bhopal,2371061,1843510,28.62,
MAHARASHTRA,Bid,2585049,2161250,19.61,
KARNATAKA,Bidar,1703300,1502373,13.37,
CHHATTISGARH,Bijapur,255230,1806918,-85.87,
KARNATAKA,Bijapur,2177331,1806918,20.50,
UTTAR PRADESH,Bijnor,3682713,3131619,17.60,
RAJASTHAN,Bikaner,2363937,1674271,41.19,
CHHATTISGARH,Bilaspur,2663629,340885,681.39,
HIMACHAL PRADESH,Bilaspur,381956,340885,12.05,
WEST BENGAL,Birbhum,3502404,3015422,16.15,
MANIPUR,Bishnupur,237399,208368,13.93,
JHARKHAND,Bokaro,2062330,1777662,16.01,
ASSAM,Bongaigaon,738804,904835,-18.35,
UTTAR PRADESH,Budaun,3681896,3069426,19.95,
UTTAR PRADESH,Bulandshahr,3499171,2913122,20.12,
MAHARASHTRA,Buldana,2586258,2232480,15.85,
RAJASTHAN,Bundi,1110906,962620,15.40,
MADHYA PRADESH,Burhanpur,757847,962620,-21.27,
BIHAR,Buxar,1706352,1402396,21.67,
ASSAM,Cachar,1736617,1444921,20.19,
NCT OF DELHI,Central,582320,646385,-9.91,
KARNATAKA,Chamarajanagar,1020791,965462,5.73,
HIMACHAL PRADESH,Chamba,519080,460887,12.63,
UTTARAKHAND,Chamoli,391605,370359,5.74,
UTTARAKHAND,Champawat,259648,224542,15.63,
MIZORAM,Champhai,125745,108392,16.01,
UTTAR PRADESH,Chandauli,1952756,1643251,18.83,
MANIPUR,Chandel,144182,118327,21.85,
CHANDIGARH,Chandigarh,1055450,900635,17.19,
MAHARASHTRA,Chandrapur,2204307,2071101,6.43,
ARUNACHAL PRADESH,Changlang,148226,125422,18.18,
JHARKHAND,Chatra,1042886,791434,31.77,
TAMIL NADU,Chennai,4646732,4343645,6.98,
MADHYA PRADESH,Chhatarpur,1762375,1474723,19.51,
MADHYA PRADESH,Chhindwara,2090922,1849283,13.07,
KARNATAKA,Chikkaballapura,1255104,1849283,-32.13,
KARNATAKA,Chikmagalur,1137961,1140905,-0.26,
ASSAM,Chirang,482162,1140905,-57.74,
KARNATAKA,Chitradurga,1659456,1517896,9.33,
UTTAR PRADESH,Chitrakoot,991730,766225,29.43,
RAJASTHAN,Chittaurgarh,1544338,1803524,-14.37,
ANDHRA PRADESH,Chittoor,4174064,3745875,11.43,
MANIPUR,Churachandpur,274143,227905,20.29,
RAJASTHAN,Churu,2039547,1923878,6.01,
TAMIL NADU,Coimbatore,3458045,4271856,-19.05,
TAMIL NADU,Cuddalore,2605914,2285395,14.02,
ORISSA,Cuttack,2624470,2341094,12.10,
DADRA AND NAGAR HAVELI,Dadra AND Nagar Haveli,343709,2341094,-85.32,
CHHATTISGARH,Dakshin Bastar Dantewada,533638,220490,142.02,
WEST BENGAL,Dakshin Dinajpur,1676276,220490,660.25,
KARNATAKA,Dakshina Kannada,2089649,220490,847.73,
DAMAN AND DIU,Daman,191173,113989,67.71,
MADHYA PRADESH,Damoh,1264219,1083949,16.63,
BIHAR,Darbhanga,3937385,3295789,19.47,
WEST BENGAL,Darjiling,1846823,1609172,14.77,
ASSAM,Darrang,928500,1504320,-38.28,
MADHYA PRADESH,Datia,786754,628240,25.23,
RAJASTHAN,Dausa,1634409,1317063,24.09,
KARNATAKA,Davanagere,1945497,1790952,8.63,
ORISSA,Debagarh,312520,274108,14.01,
UTTARAKHAND,Dehradun,1696694,1282143,32.33,
JHARKHAND,Deoghar,1492073,1165390,28.03,
UTTAR PRADESH,Deoria,3100946,2712650,14.31,
MADHYA PRADESH,Dewas,1563715,1308223,19.53,
TRIPURA,Dhalai,378230,307868,22.85,
CHHATTISGARH,Dhamtari,799781,706591,13.19,
JHARKHAND,Dhanbad,2684487,2397102,11.99,
MADHYA PRADESH,Dhar,2185793,1740329,25.60,
TAMIL NADU,Dharmapuri,1506843,2856300,-47.24,
KARNATAKA,Dharwad,1847023,1604253,15.13,
RAJASTHAN,Dhaulpur,1206516,983258,22.71,
ASSAM,Dhemaji,686133,571944,19.97,
ORISSA,Dhenkanal,1192811,1066878,11.80,
ASSAM,Dhubri,1949258,1637344,19.05,
MAHARASHTRA,Dhule,2050862,1707947,20.08,
ARUNACHAL PRADESH,Dibang Valley,8004,1707947,-99.53,
ASSAM,Dibrugarh,1326335,1185072,11.92,
ASSAM,Dima Hasao,214102,1185072,-81.93,
NAGALAND,Dimapur,378811,309024,22.58,
TAMIL NADU,Dindigul,2159775,1923014,12.31,
MADHYA PRADESH,Dindori,704524,580730,21.32,
DAMAN AND DIU,Diu,52074,44215,17.77,
JAMMU AND KASHMIR,Doda,409936,691929,-40.75,
GUJARAT,Dohad,2127086,1636433,29.98,
JHARKHAND,Dumka,1321442,1759602,-24.90,
RAJASTHAN,Dungarpur,1388552,1107643,25.36,
CHHATTISGARH,Durg,3343872,2810436,18.98,
NCT OF DELHI,East,1709346,245040,597.58,
SIKKIM,East District,283583,245040,15.73,
MEGHALAYA,East Garo Hills,317917,245040,29.74,
ANDHRA PRADESH,East Godavari,5154296,245040,'2,003.45',
ARUNACHAL PRADESH,East Kameng,78690,245040,-67.89,
MEGHALAYA,East Khasi Hills,825922,245040,237.06,
ARUNACHAL PRADESH,East Siang,99214,245040,-59.51,
KERALA,Ernakulam,3282388,3105798,5.69,
TAMIL NADU,Erode,2251744,2581500,-12.77,
UTTAR PRADESH,Etah,1774480,2790410,-36.41,
UTTAR PRADESH,Etawah,1581810,1338871,18.15,
UTTAR PRADESH,Faizabad,2470996,2088928,18.29,
HARYANA,Faridabad,1809733,2194586,-17.54,
PUNJAB,Faridkot,617508,550892,12.09,
UTTAR PRADESH,Farrukhabad,1885204,1570408,20.05,
HARYANA,Fatehabad,942011,806158,16.85,
PUNJAB,Fatehgarh Sahib,600163,806158,-25.55,
UTTAR PRADESH,Fatehpur,2632733,2308384,14.05,
UTTAR PRADESH,Firozabad,2498156,2052958,21.69,
PUNJAB,Firozpur,2029074,1746107,16.21,
KARNATAKA,Gadag,1064570,971835,9.54,
MAHARASHTRA,Gadchiroli,1072942,970294,10.58,
ORISSA,Gajapati,577817,518837,11.37,
JAMMU AND KASHMIR,Ganderbal,297446,518837,-42.67,
GUJARAT,Gandhinagar,1391753,1334455,4.29,
RAJASTHAN,Ganganagar,1969168,1789423,10.04,
ORISSA,Ganjam,3529031,3160635,11.66,
JHARKHAND,Garhwa,1322784,1035464,27.75,
UTTARAKHAND,Garhwal,687271,697078,-1.41,
UTTAR PRADESH,Gautam Buddha Nagar,1648115,697078,136.43,
BIHAR,Gaya,4391418,3473428,26.43,
UTTAR PRADESH,Ghaziabad,4681645,3290586,42.27,
UTTAR PRADESH,Ghazipur,3620268,3037582,19.18,
JHARKHAND,Giridih,2445474,1904430,28.41,
ASSAM,Goalpara,1008183,822035,22.64,
JHARKHAND,Godda,1313551,1047939,25.35,
ASSAM,Golaghat,1066888,946279,12.75,
UTTAR PRADESH,Gonda,3433919,2765586,24.17,
MAHARASHTRA,Gondiya,1322507,1200707,10.14,
BIHAR,Gopalganj,2562012,2152638,19.02,
UTTAR PRADESH,Gorakhpur,4440895,3769456,17.81,
KARNATAKA,Gulbarga,2566326,3130922,-18.03,
JHARKHAND,Gumla,1025213,1346767,-23.88,
MADHYA PRADESH,Guna,1241519,1666767,-25.51,
ANDHRA PRADESH,Guntur,4887813,4465144,9.47,
PUNJAB,Gurdaspur,2298323,2104011,9.24,
HARYANA,Gurgaon,1514432,1660289,-8.79,
MADHYA PRADESH,Gwalior,2032036,1632109,24.50,
ASSAM,Hailakandi,659296,542872,21.45,
HIMACHAL PRADESH,Hamirpur,454768,1043724,-56.43,
UTTAR PRADESH,Hamirpur,1104285,1043724,5.80,
RAJASTHAN,Hanumangarh,1774692,1518005,16.91,
WEST BENGAL,Haora,4850029,4273099,13.50,
MADHYA PRADESH,Harda,570465,474416,20.25,
UTTAR PRADESH,Hardoi,4092845,3398306,20.44,
UTTARAKHAND,Hardwar,1890422,1447187,30.63,
KARNATAKA,Hassan,1776421,1721669,3.18,
KARNATAKA,Haveri,1597668,1439116,11.02,
JHARKHAND,Hazaribagh,1734495,2277475,-23.84,
MAHARASHTRA,Hingoli,1177345,987160,19.27,
HARYANA,Hisar,1743931,1537117,13.45,
MADHYA PRADESH,Hoshangabad,1241350,1084265,14.49,
PUNJAB,Hoshiarpur,1586625,1480736,7.15,
WEST BENGAL,Hugli,5519145,5041976,9.46,
ANDHRA PRADESH,Hyderabad,3943323,3829753,2.97,
KERALA,Idukki,1108974,1129221,-1.79,
MANIPUR,Imphal East,456113,1129221,-59.61,
MANIPUR,Imphal West,517992,1129221,-54.13,
MADHYA PRADESH,Indore,3276697,2465827,32.88,
MADHYA PRADESH,Jabalpur,2463289,2151203,14.51,
ORISSA,Jagatsinghapur,1136971,1057629,7.50,
MEGHALAYA,Jaintia Hills,395124,1057629,-62.64,
RAJASTHAN,Jaipur,6626178,5251071,26.19,
RAJASTHAN,Jaisalmer,669919,508247,31.81,
ORISSA,Jajapur,1827192,1624341,12.49,
PUNJAB,Jalandhar,2193590,1962700,11.76,
UTTAR PRADESH,Jalaun,1689974,1454452,16.19,
MAHARASHTRA,Jalgaon,4229917,3682690,14.86,
MAHARASHTRA,Jalna,1959046,1612980,21.46,
RAJASTHAN,Jalor,1828730,1448940,26.21,
WEST BENGAL,Jalpaiguri,3872846,3401173,13.87,
JAMMU AND KASHMIR,Jammu,1529958,1588772,-3.70,
GUJARAT,Jamnagar,2160119,1904278,13.44,
JHARKHAND,Jamtara,791042,1904278,-58.46,
BIHAR,Jamui,1760405,1398796,25.85,
CHHATTISGARH,Janjgir - Champa,1619707,1398796,15.79,
CHHATTISGARH,Jashpur,851669,743160,14.60,
UTTAR PRADESH,Jaunpur,4494204,3911679,14.89,
BIHAR,Jehanabad,1125313,1514315,-25.69,
MADHYA PRADESH,Jhabua,1025048,1394561,-26.50,
HARYANA,Jhajjar,958405,880072,8.90,
RAJASTHAN,Jhalawar,1411129,1180323,19.55,
UTTAR PRADESH,Jhansi,1998603,1744931,14.54,
ORISSA,Jharsuguda,579505,509716,13.69,
RAJASTHAN,Jhunjhunun,2137045,1913689,11.67,
HARYANA,Jind,1334152,1189827,12.13,
RAJASTHAN,Jodhpur,3687165,2886505,27.74,
ASSAM,Jorhat,1092256,999221,9.31,
GUJARAT,Junagadh,2743082,2448173,12.05,
UTTAR PRADESH,Jyotiba Phule Nagar,1840221,2448173,-24.83,
CHHATTISGARH,Kabeerdham,822526,1499068,-45.13,
GUJARAT,Kachchh,2092371,1583225,32.16,
BIHAR,Kaimur (Bhabua),1626384,1289074,26.17,
HARYANA,Kaithal,1074304,946131,13.55,
ORISSA,Kalahandi,1576869,1335494,18.07,
ASSAM,Kamrup,1517542,2522324,-39.84,
ASSAM,Kamrup Metropolitan,1253938,2522324,-50.29,
TAMIL NADU,Kancheepuram,3998252,2877468,38.95,
ORISSA,Kandhamal,733110,648201,13.10,
HIMACHAL PRADESH,Kangra,1510075,1339030,12.77,
UTTAR PRADESH,Kannauj,1656616,1388923,19.27,
TAMIL NADU,Kanniyakumari,1870374,1676034,11.60,
KERALA,Kannur,2523003,2408956,4.73,
UTTAR PRADESH,Kanpur Dehat,1796184,2408956,-25.44,
UTTAR PRADESH,Kanpur Nagar,4581268,2408956,90.18,
UTTAR PRADESH,Kanshiram Nagar,1436719,4167999,-65.53,
PUNJAB,Kapurthala,815168,754521,8.04,
PONDICHERRY,Karaikal,200222,170791,17.23,
RAJASTHAN,Karauli,1458248,1209665,20.55,
ASSAM,Karbi Anglong,956313,1209665,-20.94,
JAMMU AND KASHMIR,Kargil,140802,119307,18.02,
ASSAM,Karimganj,1228686,1007976,21.90,
ANDHRA PRADESH,Karimnagar,3776269,3491822,8.15,
HARYANA,Karnal,1505324,1274183,18.14,
TAMIL NADU,Karur,1064493,935686,13.77,
KERALA,Kasaragod,1307375,1204078,8.58,
JAMMU AND KASHMIR,Kathua,616435,550084,12.06,
BIHAR,Katihar,3071029,2392638,28.35,
MADHYA PRADESH,Katni,1292042,1064167,21.41,
UTTAR PRADESH,Kaushambi,1599596,1293154,23.70,
ORISSA,Kendrapara,1440361,1302005,10.63,
ORISSA,Kendujhar,1801733,1561990,15.35,
BIHAR,Khagaria,1666886,1280354,30.19,
ANDHRA PRADESH,Khammam,2797370,2578927,8.47,
MADHYA PRADESH,Khandwa (East Nimar),1310061,2578927,-49.20,
MADHYA PRADESH,Khargone (West Nimar),1873046,2578927,-27.37,
GUJARAT,Kheda,2299885,2024216,13.62,
UTTAR PRADESH,Kheri,4021243,3207232,25.38,
ORISSA,Khordha,2251673,1877395,19.94,
JHARKHAND,Khunti,531885,1877395,-71.67,
HIMACHAL PRADESH,Kinnaur,84121,78334,7.39,
NAGALAND,Kiphire,74004,78334,-5.53,
BIHAR,Kishanganj,1690400,1296348,30.40,
JAMMU AND KASHMIR,Kishtwar,230696,1296348,-82.20,
WEST BENGAL,Koch Bihar,2819086,1296348,117.46,
KARNATAKA,Kodagu,554519,548561,1.09,
JHARKHAND,Kodarma,716259,499403,43.42,
NAGALAND,Kohima,267988,310084,-13.58,
ASSAM,Kokrajhar,887142,905764,-2.06,
KARNATAKA,Kolar,1536401,2536069,-39.42,
MIZORAM,Kolasib,83955,65960,27.28,
MAHARASHTRA,Kolhapur,3876001,3523162,10.01,
WEST BENGAL,Kolkata,4496694,4572876,-1.67,
KERALA,Kollam,2635375,2585208,1.94,
KARNATAKA,Koppal,1389920,1196089,16.21,
ORISSA,Koraput,1379647,1180637,16.86,
CHHATTISGARH,Korba,1206640,1011823,19.25,
CHHATTISGARH,Koriya,658917,586327,12.38,
RAJASTHAN,Kota,1951014,1568525,24.39,
KERALA,Kottayam,1974551,1953646,1.07,
KERALA,Kozhikode,3086293,2879131,7.20,
ANDHRA PRADESH,Krishna,4517398,4187841,7.87,
TAMIL NADU,Krishnagiri,1879809,4187841,-55.11,
JAMMU AND KASHMIR,Kulgam,424483,4187841,-89.86,
HIMACHAL PRADESH,Kullu,437903,381571,14.76,
JAMMU AND KASHMIR,Kupwara,870354,650393,33.82,
ANDHRA PRADESH,Kurnool,4053463,3529494,14.85,
HARYANA,Kurukshetra,964655,825454,16.86,
ARUNACHAL PRADESH,Kurung Kumey,92076,825454,-88.85,
UTTAR PRADESH,Kushinagar,3564544,2893196,23.20,
HIMACHAL PRADESH,Lahul AND Spiti,31564,2893196,-98.91,
ASSAM,Lakhimpur,1042137,889010,17.22,
BIHAR,Lakhisarai,1000912,802225,24.77,
LAKSHADWEEP,Lakshadweep,64473,60650,6.30,
UTTAR PRADESH,Lalitpur,1221592,977734,24.94,
JHARKHAND,Latehar,726978,977734,-25.65,
MAHARASHTRA,Latur,2454196,2080285,17.97,
MIZORAM,Lawngtlai,117894,73620,60.14,
JAMMU AND KASHMIR,Leh(Ladakh),133487,117232,13.87,
JHARKHAND,Lohardaga,461790,364521,26.68,
ARUNACHAL PRADESH,Lohit,145726,143527,1.53,
NAGALAND,Longleng,50484,143527,-64.83,
ARUNACHAL PRADESH,Lower Dibang Valley,54080,143527,-62.32,
ARUNACHAL PRADESH,Lower Subansiri,83030,143527,-42.15,
UTTAR PRADESH,Lucknow,4589838,3647834,25.82,
PUNJAB,Ludhiana,3498739,3032831,15.36,
MIZORAM,Lunglei,161428,137223,17.64,
BIHAR,Madhepura,2001762,1526646,31.12,
BIHAR,Madhubani,4487379,3575281,25.51,
TAMIL NADU,Madurai,3038252,2578201,17.84,
UTTAR PRADESH,Mahamaya Nagar,1564708,2578201,-39.31,
CHHATTISGARH,Mahasamund,1032754,860257,20.05,
ANDHRA PRADESH,Mahbubnagar,4053028,3513934,15.34,
PONDICHERRY,Mahe,41816,36828,13.54,
HARYANA,Mahendragarh,922088,812521,13.48,
GUJARAT,Mahesana,2035064,1837892,10.73,
UTTAR PRADESH,Mahoba,875958,708447,23.64,
UTTAR PRADESH,Mahrajganj,2684703,2173878,23.50,
UTTAR PRADESH,Mainpuri,1868529,1596718,17.02,
KERALA,Malappuram,4112920,3625471,13.45,
WEST BENGAL,Maldah,3988845,3290468,21.22,
ORISSA,Malkangiri,613192,504198,21.62,
MIZORAM,Mamit,86364,62785,37.56,
HIMACHAL PRADESH,Mandi,999777,901344,10.92,
MADHYA PRADESH,Mandla,1054905,894236,17.97,
MADHYA PRADESH,Mandsaur,1340411,1183724,13.24,
KARNATAKA,Mandya,1805769,1763705,2.38,
PUNJAB,Mansa,769751,688758,11.76,
UTTAR PRADESH,Mathura,2547184,2074516,22.78,
UTTAR PRADESH,Mau,2205968,1853997,18.98,
ORISSA,Mayurbhanj,2519738,2223456,13.33,
ANDHRA PRADESH,Medak,3033288,2670097,13.60,
UTTAR PRADESH,Meerut,3443689,2997361,14.89,
HARYANA,Mewat,1089263,2997361,-63.66,
UTTAR PRADESH,Mirzapur,2496970,2116042,18.00,
PUNJAB,Moga,995746,894854,11.27,
NAGALAND,Mokokchung,194622,232085,-16.14,
NAGALAND,Mon,250260,260652,-3.99,
UTTAR PRADESH,Moradabad,4772006,3810983,25.22,
MADHYA PRADESH,Morena,1965970,1592714,23.44,
ASSAM,Morigaon,957423,1592714,-39.89,
PUNJAB,Muktsar,901896,777493,16.00,
MAHARASHTRA,Mumbai,3085411,3338031,-7.57,
MAHARASHTRA,Mumbai Suburban,9356962,3338031,180.31,
BIHAR,Munger,1367765,1137797,20.21,
WEST BENGAL,Murshidabad,7103807,5866569,21.09,
UTTAR PRADESH,Muzaffarnagar,4143512,3543362,16.94,
BIHAR,Muzaffarpur,4801062,3746714,28.14,
KARNATAKA,Mysore,3001127,2641027,13.63,
ORISSA,Nabarangapur,1220946,1025766,19.03,
WEST BENGAL,Nadia,5167600,4604827,12.22,
ASSAM,Nagaon,2823768,2314629,22.00,
TAMIL NADU,Nagapattinam,1616450,1488839,8.57,
RAJASTHAN,Nagaur,3307743,2775058,19.20,
MAHARASHTRA,Nagpur,4653570,4067637,14.40,
UTTARAKHAND,Nainital,954605,762909,25.13,
BIHAR,Nalanda,2877653,2370528,21.39,
ASSAM,Nalbari,771639,1148824,-32.83,
ANDHRA PRADESH,Nalgonda,3488809,3247982,7.41,
TAMIL NADU,Namakkal,1726601,1493462,15.61,
MAHARASHTRA,Nanded,3361292,2876259,16.86,
MAHARASHTRA,Nandurbar,1648295,1311709,25.66,
CHHATTISGARH,Narayanpur,139820,1311709,-89.34,
GUJARAT,Narmada,590297,514404,14.75,
MADHYA PRADESH,Narsimhapur,1091854,957646,14.01,
MAHARASHTRA,Nashik,6107187,4993796,22.30,
GUJARAT,Navsari,1329672,1229463,8.15,
BIHAR,Nawada,2219146,1809696,22.63,
ORISSA,Nayagarh,962789,864516,11.37,
MADHYA PRADESH,Neemuch,826067,726070,13.77,
NCT OF DELHI,New Delhi,142004,2668564,-94.68,
ANDAMAN AND NICOBAR ISLANDS,Nicobars,36842,42068,-12.42,
ANDHRA PRADESH,Nizamabad,2551335,2345685,8.77,
NCT OF DELHI,North,887978,41030,'2,064.22',
ANDAMAN AND NICOBAR ISLANDS,North  AND Middle Andaman,105597,41030,157.37,
SIKKIM,North  District,43709,41030,6.53,
NCT OF DELHI,North East,2241624,41030,'5,363.38',
GOA,North Goa,818008,41030,'1,893.68',
TRIPURA,North Tripura,693947,41030,'1,591.32',
WEST BENGAL,North Twenty Four Parganas,10009781,41030,'24,296.25',
NCT OF DELHI,North West,3656539,41030,'8,811.87',
ORISSA,Nuapada,610382,530690,15.02,
MAHARASHTRA,Osmanabad,1657576,1486586,11.50,
JHARKHAND,Pakur,900422,701664,28.33,
KERALA,Palakkad,2809934,2617482,7.35,
JHARKHAND,Palamu,1939869,2098359,-7.55,
RAJASTHAN,Pali,2037573,1820251,11.94,
HARYANA,Palwal,1042708,1820251,-42.72,
GUJARAT,Panch Mahals,2390776,1820251,31.34,
HARYANA,Panchkula,561293,468411,19.83,
HARYANA,Panipat,1205437,967449,24.60,
MADHYA PRADESH,Panna,1016520,856558,18.67,
ARUNACHAL PRADESH,Papum Pare,176573,856558,-79.39,
MAHARASHTRA,Parbhani,1836086,1527715,20.19,
WEST BENGAL,Paschim Medinipur,5913457,1527715,287.08,
BIHAR,Pashchim Champaran,3935042,1527715,157.58,
JHARKHAND,Pashchimi Singhbhum,1502338,3043466,-50.64,
GUJARAT,Patan,1343734,1182709,13.61,
KERALA,Pathanamthitta,1197412,1234016,-2.97,
PUNJAB,Patiala,1895686,1844934,2.75,
BIHAR,Patna,5838465,4718592,23.73,
TAMIL NADU,Perambalur,565223,493646,14.50,
NAGALAND,Peren,95219,493646,-80.71,
NAGALAND,Phek,163418,148195,10.27,
UTTAR PRADESH,Pilibhit,2031007,1645183,23.45,
UTTARAKHAND,Pithoragarh,483439,462289,4.58,
PONDICHERRY,PONDICHERRY,950289,735332,29.23,
GUJARAT,Porbandar,585449,536835,9.06,
ANDHRA PRADESH,Prakasam,3397448,3059423,11.05,
RAJASTHAN,Pratapgarh,867848,2731174,-68.22,
UTTAR PRADESH,Pratapgarh,3209141,2731174,17.50,
TAMIL NADU,Pudukkottai,1618345,1459601,10.88,
JAMMU AND KASHMIR,Pulwama,560440,652607,-14.12,
JAMMU AND KASHMIR,Punch,476835,372613,27.97,
MAHARASHTRA,Pune,9429408,7232555,30.37,
BIHAR,Purba Champaran,5099371,7232555,-29.49,
WEST BENGAL,Purba Medinipur,5095875,7232555,-29.54,
JHARKHAND,Purbi Singhbhum,2293919,3939773,-41.78,
ORISSA,Puri,1698730,1502682,13.05,
BIHAR,Purnia,3264619,2543942,28.33,
WEST BENGAL,Puruliya,2930115,2536516,15.52,
UTTAR PRADESH,Rae Bareli,3405559,2536516,34.26,
KARNATAKA,Raichur,1928812,1669762,15.51,
CHHATTISGARH,Raigarh,1493984,2207929,-32.34,
MAHARASHTRA,Raigarh,2634200,2207929,19.31,
CHHATTISGARH,Raipur,4063872,3016930,34.70,
MADHYA PRADESH,Raisen,1331597,1125154,18.35,
MADHYA PRADESH,Rajgarh,1545814,1254085,23.26,
GUJARAT,Rajkot,3804558,3169881,20.02,
CHHATTISGARH,Rajnandgaon,1537133,1283224,19.79,
JAMMU AND KASHMIR,Rajouri,642415,1283224,-49.94,
RAJASTHAN,Rajsamand,1156597,987024,17.18,
KARNATAKA,Ramanagara,1082636,987024,9.69,
TAMIL NADU,Ramanathapuram,1353445,1187604,13.96,
JAMMU AND KASHMIR,Ramban,283713,1187604,-76.11,
JHARKHAND,Ramgarh,949443,1187604,-20.05,
UTTAR PRADESH,Rampur,2335819,1923739,21.42,
JHARKHAND,Ranchi,2914253,2785064,4.64,
ANDHRA PRADESH,Rangareddy,5296741,3575064,48.16,
MADHYA PRADESH,Ratlam,1455069,1215393,19.72,
MAHARASHTRA,Ratnagiri,1615069,1696777,-4.82,
ORISSA,Rayagada,967911,831109,16.46,
JAMMU AND KASHMIR,Reasi,314667,831109,-62.14,
MADHYA PRADESH,Rewa,2365106,1973306,19.86,
HARYANA,Rewari,900332,765351,17.64,
MEGHALAYA,Ribhoi,258840,192790,34.26,
HARYANA,Rohtak,1061204,940128,12.88,
BIHAR,Rohtas,2959918,2450748,20.78,
UTTARAKHAND,Rudraprayag,242285,227439,6.53,
PUNJAB,Rupnagar,684627,1116108,-38.66,
GUJARAT,Sabar Kantha,2428589,1116108,117.59,
MADHYA PRADESH,Sagar,2378458,2021987,17.63,
UTTAR PRADESH,Saharanpur,3466382,2896863,19.66,
BIHAR,Saharsa,1900661,1508182,26.02,
JHARKHAND,Sahibganj,1150567,927770,24.01,
PUNJAB,Sahibzada Ajit Singh Nagar,994628,927770,7.21,
MIZORAM,Saiha,56574,61056,-7.34,
TAMIL NADU,Salem,3482056,3016346,15.44,
BIHAR,Samastipur,4261566,3394793,25.53,
JAMMU AND KASHMIR,Samba,318898,3394793,-90.61,
ORISSA,Sambalpur,1041099,935613,11.27,
MAHARASHTRA,Sangli,2822143,2583524,9.24,
PUNJAB,Sangrur,1655169,2000173,-17.25,
UTTAR PRADESH,Sant Kabir Nagar,1715183,2000173,-14.25,
UTTAR PRADESH,Sant Ravidas Nagar (Bhadohi),1578213,2000173,-21.10,
JHARKHAND,Saraikela-Kharsawan,1065056,1353705,-21.32,
BIHAR,Saran,3951862,3248701,21.64,
MAHARASHTRA,Satara,3003741,2808994,6.93,
MADHYA PRADESH,Satna,2228935,1870104,19.19,
RAJASTHAN,Sawai Madhopur,1335551,1870104,-28.58,
MADHYA PRADESH,Sehore,1311332,1078912,21.54,
MANIPUR,Senapati,479148,1078912,-55.59,
MADHYA PRADESH,Seoni,1379131,1166608,18.22,
MIZORAM,Serchhip,64937,53861,20.56,
MADHYA PRADESH,Shahdol,1066063,1575303,-32.33,
PUNJAB,Shahid Bhagat Singh Nagar,612310,1575303,-61.13,
UTTAR PRADESH,Shahjahanpur,3006538,2547855,18.00,
MADHYA PRADESH,Shajapur,1512681,1290685,17.20,
BIHAR,Sheikhpura,636342,525502,21.09,
BIHAR,Sheohar,656246,515961,27.19,
MADHYA PRADESH,Sheopur,687861,559495,22.94,
HIMACHAL PRADESH,Shimla,814010,722502,12.67,
KARNATAKA,Shimoga,1752753,1642545,6.71,
MADHYA PRADESH,Shivpuri,1726050,1441950,19.70,
UTTAR PRADESH,Shrawasti,1117361,1176391,-5.02,
JAMMU AND KASHMIR,Shupiyan,266215,1176391,-77.37,
UTTAR PRADESH,Siddharthnagar,2559297,2040085,25.45,
MADHYA PRADESH,Sidhi,1127033,1831152,-38.45,
RAJASTHAN,Sikar,2677333,2287788,17.03,
JHARKHAND,Simdega,599578,2287788,-73.79,
MAHARASHTRA,Sindhudurg,849651,868825,-2.21,
MADHYA PRADESH,Singrauli,1178273,868825,35.62,
HIMACHAL PRADESH,Sirmaur,529855,458593,15.54,
RAJASTHAN,Sirohi,1036346,851107,21.76,
HARYANA,Sirsa,1295189,1116649,15.99,
BIHAR,Sitamarhi,3423574,2682720,27.62,
UTTAR PRADESH,Sitapur,4483992,3619661,23.88,
TAMIL NADU,Sivaganga,1339101,1155356,15.90,
ASSAM,Sivasagar,1151050,1155356,-0.37,
BIHAR,Siwan,3330464,2714349,22.70,
HIMACHAL PRADESH,Solan,580320,500557,15.93,
MAHARASHTRA,Solapur,4317756,3849543,12.16,
UTTAR PRADESH,Sonbhadra,1862559,1463519,27.27,
HARYANA,Sonipat,1450001,1279175,13.35,
ASSAM,Sonitpur,1924110,1681513,14.43,
NCT OF DELHI,South,2731929,131525,'1,977.12',
ANDAMAN AND NICOBAR ISLANDS,South Andaman,238142,131525,81.06,
SIKKIM,South District,146850,131525,11.65,
MEGHALAYA,South Garo Hills,142334,131525,8.22,
GOA,South Goa,640537,131525,387.01,
TRIPURA,South Tripura,876001,131525,566.03,
WEST BENGAL,South Twenty Four Parganas,8161961,131525,'6,105.63',
NCT OF DELHI,South West,2292958,131525,'1,643.36',
ANDHRA PRADESH,Sri Potti Sriramulu Nellore,2963557,1755041,68.86,
ANDHRA PRADESH,Srikakulam,2703114,2537593,6.52,
JAMMU AND KASHMIR,Srinagar,1236829,1202447,2.86,
ORISSA,Subarnapur,610183,1202447,-49.25,
UTTAR PRADESH,Sultanpur,3797117,3214832,18.11,
ORISSA,Sundargarh,2093437,1830673,14.35,
BIHAR,Supaul,2229076,1732578,28.66,
GUJARAT,Surat,6081322,4995174,21.74,
GUJARAT,Surendranagar,1756268,1515148,15.91,
CHHATTISGARH,Surguja,2359886,1972094,19.66,
MANIPUR,Tamenglong,140651,111499,26.15,
GUJARAT,Tapi,807022,111499,623.79,
PUNJAB,Tarn Taran,1119627,111499,904.16,
ARUNACHAL PRADESH,Tawang,49977,38924,28.40,
UTTARAKHAND,Tehri Garhwal,618931,38924,'1,490.10',
MAHARASHTRA,Thane,11060148,8131849,36.01,
TAMIL NADU,Thanjavur,2405890,2216138,8.56,
GUJARAT,The Dangs,228291,2216138,-89.70,
TAMIL NADU,The Nilgiris,735394,2216138,-66.82,
TAMIL NADU,Theni,1245899,1093950,13.89,
TAMIL NADU,Thiruvallur,3728104,2754756,35.33,
KERALA,Thiruvananthapuram,3301427,3234356,2.07,
TAMIL NADU,Thiruvarur,1264277,1169474,8.11,
TAMIL NADU,Thoothukkudi,1750176,1572273,11.32,
MANIPUR,Thoubal,422168,364140,15.94,
KERALA,Thrissur,3121200,2974232,4.94,
MADHYA PRADESH,Tikamgarh,1445166,1202998,20.13,
ASSAM,Tinsukia,1327929,1150062,15.47,
ARUNACHAL PRADESH,Tirap,111975,100326,11.61,
TAMIL NADU,Tiruchirappalli,2722290,2418366,12.57,
TAMIL NADU,Tirunelveli,3077233,2723988,12.97,
TAMIL NADU,Tiruppur,2479052,2723988,-8.99,
TAMIL NADU,Tiruvannamalai,2464875,2186125,12.75,
RAJASTHAN,Tonk,1421326,1211671,17.30,
NAGALAND,Tuensang,196596,414818,-52.61,
KARNATAKA,Tumkur,2678980,2584711,3.65,
RAJASTHAN,Udaipur,3068420,2633312,16.52,
ASSAM,Udalguri,831668,2633312,-68.42,
UTTARAKHAND,Udham Singh Nagar,1648902,2633312,-37.38,
JAMMU AND KASHMIR,Udhampur,554985,2633312,-78.92,
KARNATAKA,Udupi,1177361,1112243,5.85,
MADHYA PRADESH,Ujjain,1986864,1710982,16.12,
MANIPUR,Ukhrul,183998,140778,30.70,
MADHYA PRADESH,Umaria,644758,515963,24.96,
HIMACHAL PRADESH,Una,521173,448273,16.26,
UTTAR PRADESH,Unnao,3108367,2700324,15.11,
ARUNACHAL PRADESH,Upper Siang,35320,2700324,-98.69,
ARUNACHAL PRADESH,Upper Subansiri,83448,2700324,-96.91,
CHHATTISGARH,Uttar Bastar Kanker,748941,55346,'1,253.20',
WEST BENGAL,Uttar Dinajpur,3007134,55346,'5,333.34',
KARNATAKA,Uttara Kannada,1437169,55346,'2,496.70',
UTTARAKHAND,Uttarkashi,330086,295013,11.89,
GUJARAT,Vadodara,4165626,3641802,14.38,
BIHAR,Vaishali,3495021,2718421,28.57,
GUJARAT,Valsad,1705678,1410553,20.92,
UTTAR PRADESH,Varanasi,3676841,3138671,17.15,
TAMIL NADU,Vellore,3936331,3477317,13.20,
MADHYA PRADESH,Vidisha,1458875,1214857,20.09,
TAMIL NADU,Viluppuram,3458873,2960373,16.84,
TAMIL NADU,Virudhunagar,1942288,1751301,10.91,
ANDHRA PRADESH,Visakhapatnam,4290589,3832336,11.96,
ANDHRA PRADESH,Vizianagaram,2344474,2249254,4.23,
ANDHRA PRADESH,Warangal,3512576,3246004,8.21,
MAHARASHTRA,Wardha,1300774,1236736,5.18,
MAHARASHTRA,Washim,1197160,1020216,17.34,
KERALA,Wayanad,817420,780619,4.71,
NCT OF DELHI,West,2543243,123256,'1,963.38',
SIKKIM,West District,136435,123256,10.69,
MEGHALAYA,West Garo Hills,643291,123256,421.91,
ANDHRA PRADESH,West Godavari,3936966,123256,'3,094.14',
ARUNACHAL PRADESH,West Kameng,83947,123256,-31.89,
MEGHALAYA,West Khasi Hills,383461,123256,211.11,
ARUNACHAL PRADESH,West Siang,112274,123256,-8.91,
TRIPURA,West Tripura,1725739,123256,'1,300.13',
NAGALAND,Wokha,166343,161223,3.18,
ANDHRA PRADESH,Y.S.R.,2882469,161223,'1,687.88',
KARNATAKA,Yadgir,1174271,161223,628.35,
HARYANA,Yamunanagar,1214205,1041630,16.57,
PONDICHERRY,Yanam,55626,31394,77.19,
MAHARASHTRA,Yavatmal,2772348,2458271,12.78,
NAGALAND,Zunheboto,140757,153955,-8.57,
